{
  "passed": true,
  "roc_auc": 0.8501703992210321,
  "f1": 0.5979381443298969,
  "min_roc_auc": 0.7,
  "min_f1": 0.59
}