{
  "accuracy": 0.8043010752688172,
  "precision": 0.6527331189710611,
  "recall": 0.5516304347826086,
  "f1": 0.5979381443298969,
  "roc_auc": 0.8501703992210321
}